{"triangles":[
  {"vertices":[{
    "x":0.000000,
    "y":0.800000,
    "z":0.000000
  }
  ,{
      "x":-0.754247,
      "y":-0.266667,
      "z":0.000000
    }
  ,{
      "x":0.377124,
      "y":-0.266667,
      "z":0.653197
    }
  ]},
  {"vertices":[{
    "x":0.000000,
    "y":0.800000,
    "z":0.000000
  }
  ,{
      "x":0.377124,
      "y":-0.266667,
      "z":0.653197
    }
  ,{
      "x":0.377124,
      "y":-0.266667,
      "z":-0.653197
    }
  ]},
  {"vertices":[{
    "x":0.000000,
    "y":0.800000,
    "z":0.000000
  }
  ,{
      "x":0.377124,
      "y":-0.266667,
      "z":-0.653197
    }
  ,{
      "x":-0.754247,
      "y":-0.266667,
      "z":0.000000
    }
  ]},
  {"vertices":[{
    "x":-0.754247,
    "y":-0.266667,
    "z":0.000000
  }
  ,{
      "x":0.377124,
      "y":-0.266667,
      "z":-0.653197
    }
  ,{
      "x":0.377124,
      "y":-0.266667,
      "z":0.653197
    }
  ]}
],
  "hasTriangularFaces": true
}